{"cameraMode":{"drawMode":0,"name":"Shaded","section":"Shading Mode"},"sceneLighting":true,"audioPlay":false,"sceneViewState":{"m_AlwaysRefresh":false,"showFog":true,"showSkybox":true,"showFlares":true,"showImageEffects":true,"showParticleSystems":true,"showVisualEffectGraphs":true,"m_FxEnabled":true},"in2DMode":false,"pivot":{"x":5.875487804412842,"y":-0.2036287784576416,"z":2.5596232414245607},"rotation":{"x":0.31224894523620608,"y":0.5625144839286804,"z":-0.24172678589820863,"w":0.7265236973762512},"size":2.5535199642181398,"orthographic":false}