{"cameraMode":{"drawMode":0,"name":"Shaded","section":"Shading Mode"},"sceneLighting":true,"audioPlay":false,"sceneViewState":{"m_AlwaysRefresh":false,"showFog":true,"showSkybox":true,"showFlares":true,"showImageEffects":true,"showParticleSystems":true,"showVisualEffectGraphs":true,"m_FxEnabled":true},"in2DMode":false,"pivot":{"x":1.9190422296524048,"y":2.583239793777466,"z":5.768486976623535},"rotation":{"x":-0.03389459848403931,"y":-0.0009154238505288959,"z":-0.0001268609194085002,"w":-0.999506950378418},"size":2.8510358333587648,"orthographic":false}