{"cameraMode":{"drawMode":0,"name":"Shaded","section":"Shading Mode"},"sceneLighting":true,"audioPlay":false,"sceneViewState":{"m_AlwaysRefresh":false,"showFog":true,"showSkybox":true,"showFlares":true,"showImageEffects":true,"showParticleSystems":true,"showVisualEffectGraphs":true,"m_FxEnabled":true},"in2DMode":false,"pivot":{"x":-29.26679229736328,"y":11.433431625366211,"z":-0.5435561537742615},"rotation":{"x":0.07297591120004654,"y":0.8352022767066956,"z":-0.11490807682275772,"w":0.5334197282791138},"size":0.8660253882408142,"orthographic":false}