{"cameraMode":{"drawMode":0,"name":"Shaded","section":"Shading Mode"},"sceneLighting":false,"audioPlay":false,"sceneViewState":{"m_AlwaysRefresh":false,"showFog":true,"showSkybox":false,"showFlares":true,"showImageEffects":true,"showParticleSystems":true,"showVisualEffectGraphs":true,"m_FxEnabled":true},"in2DMode":false,"pivot":{"x":26.299999237060548,"y":3.4000000953674318,"z":14.39999771118164},"rotation":{"x":-0.056879475712776187,"y":-0.8123783469200134,"z":0.08010651916265488,"w":-0.5749149918556213},"size":77.19921112060547,"orthographic":false}